Receta de Mejillones con tomate,https://www.recetasgratis.net/receta-de-mejillones-con-tomate-74456.html
Receta de Confitura de tomate,https://www.recetasgratis.net/receta-de-confitura-de-tomate-73917.html
Receta de Acordeón de tomate,https://www.recetasgratis.net/receta-de-acordeon-de-tomate-64356.html
Receta de Tiburones con tomate,https://www.recetasgratis.net/receta-de-tiburones-con-tomate-63919.html
Receta de Alubias con tomate,https://www.recetasgratis.net/receta-de-alubias-con-tomate-57449.html
Receta de Tomates secos,https://www.recetasgratis.net/receta-de-tomates-secos-56983.html
Receta de Tofu con tomate,https://www.recetasgratis.net/receta-de-tofu-con-tomate-56142.html
Receta de Tomates confitados,https://www.recetasgratis.net/receta-de-tomates-confitados-56074.html
Receta de Focaccia de tomate,https://www.recetasgratis.net/receta-de-focaccia-de-tomate-55597.html
Receta de Pan con tomate,https://www.recetasgratis.net/receta-de-pan-con-tomate-55351.html
Receta de Mermelada de tomate,https://www.recetasgratis.net/receta-de-mermelada-de-tomate-46.html
Receta de Guacamole con tomate,https://www.recetasgratis.net/receta-de-guacamole-con-tomate-50927.html
Receta de Merluza con tomate,https://www.recetasgratis.net/receta-de-merluza-con-tomate-50881.html
Receta de Tomates a la provenzal,https://www.recetasgratis.net/receta-de-tomates-a-la-provenzal-26574.html
Receta de Carne con tomate,https://www.recetasgratis.net/receta-de-carne-con-tomate-20349.html
Receta de Calamares en salsa de tomate,https://www.recetasgratis.net/receta-de-calamares-en-salsa-de-tomate-75146.html
Receta de Tomates rellenos vegetarianos,https://www.recetasgratis.net/receta-de-tomates-rellenos-vegetarianos-74826.html
Receta de Salsa de tomate y albahaca,https://www.recetasgratis.net/receta-de-salsa-de-tomate-y-albahaca-74446.html
Receta de Ensalada de aguacate y tomate,https://www.recetasgratis.net/receta-de-ensalada-de-aguacate-y-tomate-74440.html
Receta de Sopa de tomate extremeña,https://www.recetasgratis.net/receta-de-sopa-de-tomate-extremena-74064.html
Receta de Tomates cherry confitados,https://www.recetasgratis.net/receta-de-tomates-cherry-confitados-74056.html
Receta de Salsa de tomate verde,https://www.recetasgratis.net/receta-de-salsa-de-tomate-verde-73290.html
Receta de Tartar de tomate y aguacate,https://www.recetasgratis.net/receta-de-tartar-de-tomate-y-aguacate-72994.html
Receta de Bacalao con tomate y pimientos,https://www.recetasgratis.net/receta-de-bacalao-con-tomate-y-pimientos-72691.html
Receta de Puré de tomate casero y fácil,https://www.recetasgratis.net/receta-de-pure-de-tomate-casero-y-facil-72429.html
Receta de Macarrones con atún y tomate,https://www.recetasgratis.net/receta-de-macarrones-con-atun-y-tomate-72442.html
Receta de Sopa de tomate fría,https://www.recetasgratis.net/receta-de-sopa-de-tomate-fria-72260.html
Receta de Judías verdes con patatas y tomate,https://www.recetasgratis.net/receta-de-judias-verdes-con-patatas-y-tomate-71456.html
"Receta de Pasta con bacon, nata y tomate",https://www.recetasgratis.net/receta-de-pasta-con-bacon-nata-y-tomate-65587.html
Receta de Judías verdes con tomate y jamón,https://www.recetasgratis.net/receta-de-judias-verdes-con-tomate-y-jamon-65546.html
Receta de Tomates verdes fritos en tempura,https://www.recetasgratis.net/receta-de-tomates-verdes-fritos-en-tempura-70953.html
Receta de Crema de tomate con queso parmesano,https://www.recetasgratis.net/receta-de-crema-de-tomate-con-queso-parmesano-70433.html
Receta de Mermelada de tomate sin azúcar,https://www.recetasgratis.net/receta-de-mermelada-de-tomate-sin-azucar-70340.html
Receta de Ensalada de judías blancas con tomate,https://www.recetasgratis.net/receta-de-ensalada-de-judias-blancas-con-tomate-70299.html
Receta de Tomates rellenos de atún sin horno,https://www.recetasgratis.net/receta-de-tomates-rellenos-de-atun-sin-horno-70207.html
"Receta de Ensalada de tomate, mozzarella y orégano",https://www.recetasgratis.net/receta-de-ensalada-de-tomate-mozzarella-y-oregano-70037.html
Receta de Pollo al horno con tomate triturado,https://www.recetasgratis.net/receta-de-pollo-al-horno-con-tomate-triturado-70001.html
Receta de Timbal de calabacín y tomate,https://www.recetasgratis.net/receta-de-timbal-de-calabacin-y-tomate-69113.html
Receta de Guacamole sin tomate ni cebolla,https://www.recetasgratis.net/receta-de-guacamole-sin-tomate-ni-cebolla-68278.html
Receta de Albóndigas con tomate caseras,https://www.recetasgratis.net/receta-de-albondigas-con-tomate-caseras-65770.html
